<?xml version="1.0" encoding="UTF-8"?>
<project-private xmlns="http://www.netbeans.org/ns/project-private/1">
    <editor-bookmarks xmlns="http://www.netbeans.org/ns/editor-bookmarks/2" lastBookmarkId="0"/>
    <open-files xmlns="http://www.netbeans.org/ns/projectui-open-files/2">
        <group>
            <file>file:/E:/Users/Jose/Documents/Modulo%20DAM/Entornos%20de%20desarrollo/3º%20Tri/Prácticas/JUnit%20Proyecto/JUnit%20Proyecto/src/TablaEnteros.java</file>
            <file>file:/E:/Users/Jose/Documents/Modulo%20DAM/Entornos%20de%20desarrollo/3º%20Tri/Prácticas/JUnit%20Proyecto/JUnit%20Proyecto/test/FechaTest.java</file>
            <file>file:/E:/Users/Jose/Documents/Modulo%20DAM/Entornos%20de%20desarrollo/3º%20Tri/Prácticas/JUnit%20Proyecto/JUnit%20Proyecto/src/Fecha.java</file>
            <file>file:/E:/Users/Jose/Documents/Modulo%20DAM/Entornos%20de%20desarrollo/3º%20Tri/Prácticas/JUnit%20Proyecto/JUnit%20Proyecto/test/CalculadoraTest.java</file>
            <file>file:/E:/Users/Jose/Documents/Modulo%20DAM/Entornos%20de%20desarrollo/3º%20Tri/Prácticas/JUnit%20Proyecto/JUnit%20Proyecto/test/TablaEnterosTest.java</file>
            <file>file:/E:/Users/Jose/Documents/Modulo%20DAM/Entornos%20de%20desarrollo/3º%20Tri/Prácticas/JUnit%20Proyecto/JUnit%20Proyecto/src/Calculadora.java</file>
        </group>
    </open-files>
</project-private>
