<?xml version="1.0" encoding="UTF-8"?>
<project-private xmlns="http://www.netbeans.org/ns/project-private/1">
    <editor-bookmarks xmlns="http://www.netbeans.org/ns/editor-bookmarks/2" lastBookmarkId="0"/>
    <open-files xmlns="http://www.netbeans.org/ns/projectui-open-files/2">
        <group>
            <file>file:/E:/Users/Jose/Documents/Modulo%20DAM/Entornos%20de%20desarrollo/2º%20Tri/Prácticas/NetBeans/UT2-Actividades-3/JoseGomez-%20Ejercicio2/nbproject/ejercicio3JoseGomez.html</file>
            <file>file:/E:/Users/Jose/Documents/Modulo%20DAM/Entornos%20de%20desarrollo/2º%20Tri/Prácticas/NetBeans/UT2-Actividades-3/JoseGomez-%20Ejercicio2/public_html/index.html</file>
            <file>file:/E:/Users/Jose/Documents/Modulo%20DAM/Entornos%20de%20desarrollo/2º%20Tri/Prácticas/NetBeans/UT2-Actividades-3/JoseGomez-%20Ejercicio2/gulpfile.js</file>
            <file>file:/E:/Users/Jose/Documents/Modulo%20DAM/Entornos%20de%20desarrollo/2º%20Tri/Prácticas/NetBeans/UT2-Actividades-3/JoseGomez-%20Ejercicio2/Gruntfile.js</file>
            <file>file:/E:/Users/Jose/Documents/Modulo%20DAM/Entornos%20de%20desarrollo/2º%20Tri/Prácticas/NetBeans/UT2-Actividades-3/JoseGomez-%20Ejercicio2/bower.json</file>
            <file>file:/E:/Users/Jose/Documents/Modulo%20DAM/Entornos%20de%20desarrollo/2º%20Tri/Prácticas/NetBeans/UT2-Actividades-3/JoseGomez-%20Ejercicio2/nbproject/project.xml</file>
            <file>file:/E:/Users/Jose/Documents/Modulo%20DAM/Entornos%20de%20desarrollo/2º%20Tri/Prácticas/NetBeans/UT2-Actividades-3/JoseGomez-%20Ejercicio2/.bowerrc</file>
            <file>file:/E:/Users/Jose/Documents/Modulo%20DAM/Entornos%20de%20desarrollo/2º%20Tri/Prácticas/NetBeans/UT2-Actividades-3/JoseGomez-%20Ejercicio2/package.json</file>
            <file>file:/E:/Users/Jose/Documents/Modulo%20DAM/Entornos%20de%20desarrollo/2º%20Tri/Prácticas/NetBeans/UT2-Actividades-3/JoseGomez-%20Ejercicio2/nbproject/project.properties</file>
        </group>
    </open-files>
</project-private>
