<?xml version="1.0" encoding="UTF-8"?>
<project-private xmlns="http://www.netbeans.org/ns/project-private/1">
    <editor-bookmarks xmlns="http://www.netbeans.org/ns/editor-bookmarks/2" lastBookmarkId="0"/>
    <open-files xmlns="http://www.netbeans.org/ns/projectui-open-files/2">
        <group>
            <file>file:/E:/Users/Jose/Documents/Modulo%20DAM/Entornos%20de%20desarrollo/2º%20Tri/Prácticas/NetBeans/Tarea/package.json</file>
            <file>file:/E:/Users/Jose/Documents/Modulo%20DAM/Entornos%20de%20desarrollo/2º%20Tri/Prácticas/NetBeans/Tarea/Gruntfile.js</file>
            <file>file:/E:/Users/Jose/Documents/Modulo%20DAM/Entornos%20de%20desarrollo/2º%20Tri/Prácticas/NetBeans/Tarea/public_html/index.html</file>
            <file>file:/E:/Users/Jose/Documents/Modulo%20DAM/Entornos%20de%20desarrollo/2º%20Tri/Prácticas/NetBeans/Tarea/.bowerrc</file>
            <file>file:/E:/Users/Jose/Documents/Modulo%20DAM/Entornos%20de%20desarrollo/2º%20Tri/Prácticas/NetBeans/Tarea/gulpfile.js</file>
            <file>file:/E:/Users/Jose/Documents/Modulo%20DAM/Entornos%20de%20desarrollo/2º%20Tri/Prácticas/NetBeans/Tarea/bower.json</file>
        </group>
    </open-files>
</project-private>
